Time,PM10 std,PM25 std,PM 100 std,Temperature,Gas,Pressure,Altitude,Relative Humidity
1676506320,0,1,1,24.5876171875,19019,1012.2749024939253,8.12151819971416,17.36094484004825
1676506320,0,1,1,24.610078125,5859,1012.2746092162956,8.123961841069194,17.36212647306634
1676506321,0,0,0,24.68234375,7004,1012.2787917557808,8.089112232653608,17.35093849617746
1676506322,0,0,0,24.746015625,7901,1012.2816985454285,8.064892450842335,17.309318595878185
1676506323,0,0,0,24.8122265625,8587,1012.2821522774509,8.061111896641568,17.267835919238838
1676506324,0,0,0,24.862421875,9172,1012.2804148620294,8.075588275250544,17.230512091980177
1676506325,1,1,1,24.8993359375,9698,1012.2795433686692,8.082849682534718,17.157555973445625
1676506325,1,1,1,24.9411328125,10168,1012.2717361960044,8.147900387258018,17.12979159113322
1676506326,1,1,1,24.97765625,10654,1012.2753149518308,8.118081528085202,17.071821542854362
1676506327,0,0,0,24.9977734375,11070,1012.269186993884,8.169140865515482,17.0279796725829
1676506328,0,0,0,25.0180859375,11482,1012.2771150320848,8.103082956866778,16.99911620139607
1676506329,0,0,0,25.03625,11846,1012.2830162041006,8.053913551268106,16.96516190237484
1676506330,0,0,0,25.0430859375,12225,1012.2914876416246,7.983328733166713,16.930630170501647
1676506331,1,1,1,25.0649609375,12562,1012.2901287574034,7.994651052719969,16.89688255888229
1676506332,1,1,1,25.085859375,12917,1012.2870675561727,8.020157243227295,16.88301471320127
1676506332,1,1,1,25.092109375,13201,1012.2825133377274,8.058103496453585,16.863412859179554
1676506333,1,1,1,25.1083203125,13594,1012.2747191655742,8.123045724065271,16.8393459989977
1676506334,1,1,1,25.123359375,13908,1012.2717436577447,8.147838214560757,16.83015959019332
1676506335,0,0,0,25.12609375,14181,1012.273073506411,8.13675765822946,16.805405449884994
1676506336,0,0,0,25.1376171875,14534,1012.2794126642066,8.083938731241243,16.796039992307882
1676506337,0,0,0,25.1489453125,14842,1012.280266098268,8.076827795818428,16.786664825073082
1676506338,0,0,0,25.1473828125,15130,1012.2775461692586,8.099490652680325,16.771652267790486
1676506339,0,0,0,25.1563671875,15441,1012.2846100880438,8.040633123081896,16.767135251290764
1676506339,0,0,0,25.1661328125,15742,1012.2844579629226,8.041900646724896,16.742751998165307
1676506340,0,0,0,25.16203125,15981,1012.2773182518503,8.101389696982407,16.737566263899147
1676506341,0,0,0,25.1692578125,16279,1012.2727459983496,8.139486517652813,16.723008848956496
1676506342,0,0,0,25.1708203125,16522,1012.2651747796622,8.202571550322627,16.713138438897058
1676506343,1,1,1,25.160078125,16786,1012.2636274936526,8.215463919231938,16.69766661475272
1676506344,1,1,1,25.1614453125,17058,1012.2642922160348,8.20992528633142,16.682814938142563
1676506345,1,1,1,25.1704296875,17311,1012.2627796441443,8.222528417356699,16.678299462197398
1676506346,1,1,1,25.16828125,17586,1012.26418540065,8.210815298597451,16.668243659884027
1676506346,1,1,1,25.1770703125,17870,1012.2674781462794,8.183379360737534,16.663718452703872
1676506347,1,1,1,25.1846875,18148,1012.2670155674557,8.187233672889668,16.66410642261969
1676506348,1,1,1,25.1809765625,18338,1012.265701672742,8.198181350778135,16.6291124267333
1676506349,1,1,1,25.18859375,18614,1012.2635237101081,8.216328669912102,16.629499684724706
1676506350,1,1,1,25.195625,18916,1012.2671865093886,8.185809345590012,16.639800784979986
1676506351,1,1,1,25.1923046875,19140,1012.2682679536937,8.176798508706163,16.61974570604555
1676506352,1,1,1,25.19875,19387,1012.2726260502412,8.14048594827526,16.615102153715124
1676506352,1,1,1,25.2065625,19641,1012.2690721948675,8.170097395638091,16.605557341610677
1676506353,1,2,2,25.2016796875,19770,1012.2708645812377,8.15516285653399,16.600338896535447
1676506354,1,2,2,25.2065625,20034,1012.2639263711797,8.212973596668348,16.595616449510942
1676506355,1,2,2,25.2133984375,20325,1012.2655334527851,8.199582999613327,16.586023206642928
1676506356,1,2,2,25.2087109375,20443,1012.264235440848,8.210398351254733,16.580815683285213
1676506357,1,2,2,25.2133984375,20725,1012.260387574852,8.242459774002315,16.58105342004843
1676506358,1,2,2,25.2200390625,20953,1012.2565085345661,8.274781048943247,16.58139023325012
1676506358,1,2,2,25.2149609375,21121,1012.2613919807663,8.234090792522178,16.58113266816163
1676506359,1,2,2,25.2200390625,21401,1012.2633697755024,8.217611292018104,16.57642057108812
1676506360,1,2,2,25.2278515625,21599,1012.264960937733,8.20435333310296,16.58178651327529
1676506361,1,2,2,25.2219921875,21778,1012.265054074892,8.20357729168569,16.586459204187157
1676506362,1,2,2,25.2200390625,21983,1012.2668003965751,8.189026526176933,16.596300510150993
1676506363,1,2,2,25.2266796875,22215,1012.2680671687277,8.17847149355917,16.59663761808422
1676506364,1,3,3,25.2149609375,22405,1012.2631072775496,8.219798491782782,16.586102476081848
1676506365,1,3,3,25.2137890625,22597,1012.2696439694384,8.165333247683094,16.586043023884248
1676506366,1,3,3,25.214375,22818,1012.2638026839952,8.214004189257636,16.581102949971207
1676506366,1,3,3,25.205,22993,1012.2680677242288,8.178466864998287,16.590567042095355
1676506367,1,3,3,25.2063671875,23170,1012.2704475013168,8.158638051985424,16.585666509798266
1676506368,1,3,3,25.2071484375,23403,1012.2666615459431,8.19018346175717,16.585706141517925
1676506369,0,2,2,25.19953125,23663,1012.2534028700214,8.30065840793891,16.58035014837765
1676506370,0,2,2,25.20109375,23811,1012.2561225934701,8.27799682620443,16.590368837689226
1676506371,0,2,2,25.203828125,24001,1012.259166848781,8.252631202530203,16.58056805290841
1676506372,0,2,2,25.1966015625,24194,1012.2603101258059,8.243105100658125,16.560325503863485
1676506373,0,2,2,25.1997265625,24404,1012.2674648827265,8.18348987566012,16.565452543334803
1676506374,0,2,2,25.2034375,24633,1012.2687785138475,8.172544409522475,16.555703215843405
1676506375,0,2,2,25.1981640625,24778,1012.2681756309701,8.177567762074393,16.56040465311045
1676506376,0,2,2,25.201875,24955,1012.2626282410797,8.2237899467733,16.55562408366387
1676506376,0,2,2,25.2071484375,25133,1012.2563698909177,8.275936269398438,16.545954553166514
1676506377,0,2,2,25.2012890625,25239,1012.2496015204315,8.33233251772877,16.540690061957875
1676506378,0,2,2,25.2126171875,25561,1012.2470206946673,8.353836871725886,16.531327866032537
1676506379,0,2,2,25.2175,25717,1012.2572349783704,8.268728103422164,16.526607375308366
1676506380,0,1,1,25.216328125,25891,1012.2517646176774,8.314308859835112,16.531515574335423
1676506381,0,1,1,25.227265625,26100,1012.2553644127987,8.284314218431987,16.51716667600256
1676506382,0,1,1,25.2290234375,26263,1012.2549933528165,8.287406004591212,16.507321768080473
1676506383,0,1,1,25.220625,26362,1012.2489518551557,8.337745754636515,16.506897483008846
1676506384,0,1,1,25.222578125,26561,1012.254066739356,8.295126837600554,16.497063424202654
1676506384,0,1,1,25.225703125,26747,1012.2577907391252,8.264097342131105,16.48232360653093
1676506385,0,1,1,25.2247265625,26901,1012.259521596954,8.249675341241625,16.48723997737831
1676506386,0,1,1,25.2356640625,27109,1012.2579751039838,8.262561160618304,16.48282617837438
1676506387,0,1,1,25.2403515625,27250,1012.26098792192,8.237457519204144,16.49299462191479
1676506388,0,1,1,25.2378125,27374,1012.2548531718514,8.28857403584754,16.492866435051244
1676506389,0,1,1,25.246796875,27607,1012.2584833529814,8.258326283623472,16.478422210551308
1676506390,0,1,1,25.256171875,27771,1012.2627931711378,8.222415706964007,16.483861045821673
1676506391,0,1,1,25.251875,27919,1012.2621758925047,8.227559032770817,16.473712822559417
1676506391,0,1,1,25.259296875,28086,1012.2682323541619,8.177095131877657,16.484018758902906
1676506392,0,1,1,25.2669140625,28275,1012.2711977858252,8.152386528398802,16.474471418767557
1676506393,0,1,1,25.255,28294,1012.2676150962267,8.182238262847426,16.473870443370252
1676506394,0,1,1,25.2606640625,28544,1012.2620349034244,8.22873379074297,16.479121844390246
1676506395,0,1,1,25.2676953125,28758,1012.2639803852153,8.212523538230464,16.479476626089074
1676506396,0,1,1,25.26125,28857,1012.2579084824908,8.263116270204439,16.449360383428115
1676506397,0,1,1,25.2665234375,29056,1012.2567944121987,8.272399031185397,16.46452079759591
1676506398,0,1,1,25.2727734375,29157,1012.2625262580575,8.224639695724875,16.45490569411386
1676506398,0,2,2,25.2645703125,29319,1012.2619721290664,8.229256843188729,16.444563181427892
1676506399,0,2,2,25.2692578125,29504,1012.2632690620761,8.218450461866684,16.43983494842962
1676506400,0,2,2,25.27375,29713,1012.2728032446969,8.139009530155125,16.43013303794588
1676506401,0,2,2,25.2587109375,29776,1012.2706433350297,8.157006325174907,16.424412714719345
1676506402,0,2,2,25.254609375,29882,1012.2635043891255,8.21648965722024,16.41924313875662
1676506403,0,2,2,25.251484375,30095,1012.2683575713993,8.176051794200683,16.414122993748286
1676506404,0,2,2,25.238203125,30138,1012.2658252301283,8.197151841264859,16.38864450200617
1676506405,0,2,2,25.2352734375,30312,1012.2641565998223,8.211055274243215,16.398421048150446
1676506405,0,2,2,25.234296875,30532,1012.2607414703813,8.239511020057709,16.398372001069966
1676506406,0,1,1,25.2243359375,30554,1012.2674182896642,8.18387809961438,16.387948437238474
1676506407,0,1,1,25.2251171875,30755,1012.268778134434,8.172547570879932,16.3879876495388
1676506408,0,1,1,25.2258984375,30936,1012.2649920007642,8.204094508376253,16.383065507660806
1676506409,0,2,2,25.2173046875,30891,1012.2568950181306,8.271560752666566,16.38759554059288
1676506410,0,2,2,25.2184765625,31028,1012.2589347801678,8.254564863765587,16.397577506403515
1676506411,0,2,2,25.2212109375,31258,1012.261978916964,8.229200284640942,16.412601269544485
1676506412,0,2,2,25.2137890625,31398,1012.2662133814755,8.193917672628348,16.39734212519009
1676506413,0,2,2,25.2169140625,31398,1012.2785140277911,8.091426304429104,16.40742301381107
1676506414,0,2,2,25.2200390625,31634,1012.2788075735042,8.088980436996415,16.412542373533974
1676506415,0,2,2,25.213203125,31682,1012.2789158297487,8.08807842968262,16.417161299031626
1676506415,0,2,2,25.214765625,31850,1012.2799202825213,8.079709181805107,16.417239843064124
1676506416,0,2,2,25.2180859375,31922,1012.2771232194302,8.103014738581107,16.422369506566792
1676506417,0,2,2,25.210078125,32142,1012.2786221907512,8.090525074160151,16.421966858652286
1676506418,0,2,2,25.2126171875,32314,1012.27618063273,8.110868526643195,16.422094523943006
1676506419,0,2,2,25.2153515625,32414,1012.2689330978319,8.171256382199555,16.432158090425894
1676506420,1,2,2,25.2079296875,32514,1012.2680214135696,8.178852735715031,16.416896222162404
1676506421,1,2,2,25.21125,32615,1012.2635091347177,8.21645011574975,16.42698865568654
1676506422,1,2,2,25.2149609375,32819,1012.259676684084,8.248383112032629,16.43213843818114
1676506423,0,2,2,25.2094921875,32844,1012.2604494566499,8.241944157945184,16.421937397900837
1676506424,0,2,2,25.2137890625,33025,1012.2679286754066,8.179625450772654,16.427116357173055
1676506425,0,2,2,25.2190625,33077,1012.2616699693972,8.23177451732324,16.422418612220568
1676506425,0,1,1,25.2128125,33181,1012.2610829779145,8.236665487063936,16.412179197021807
1676506426,0,1,1,25.2159375,33339,1012.2579458956524,8.262804532894584,16.42722441485986
1676506427,0,1,1,25.2212109375,33498,1012.2585482901869,8.257785208254443,16.42748965740153
1676506428,0,1,1,25.2169140625,33551,1012.2630763051936,8.22005656136585,16.4272735327729
1676506429,0,1,1,25.2216015625,33767,1012.2592282090461,8.252119931529036,16.427509305564634
1676506430,0,1,1,25.2352734375,33930,1012.2624412486307,8.225348016333689,16.428197040579533
1676506431,0,1,1,25.2346875,33985,1012.2614213815615,8.233845817255013,16.428167564255407
1676506432,0,1,1,25.2462109375,34095,1012.2746173078107,8.123894421119289,16.433710865141993
1676506433,0,1,1,25.2503125,34262,1012.274894819385,8.121582145340877,16.428953659825105
1676506433,0,1,1,25.241328125,34206,1012.2678337925906,8.180416035612462,16.43842885629998
1676506434,0,1,1,25.244453125,34402,1012.2715577071233,8.149387592045493,16.418732417477223
1676506435,0,1,1,25.2481640625,34515,1012.2642937787734,8.20991226520491,16.428845564259536
1676506436,0,1,1,25.2415234375,34515,1012.2698891162187,8.163290632972627,16.418585103857026
1676506437,0,1,1,25.2450390625,34714,1012.2725775736607,8.140889864456287,16.418761880729225
1676506438,0,1,1,25.254609375,34858,1012.2720814050763,8.145024037342246,16.434133540301985
1676506439,0,1,1,25.2528515625,34916,1012.2758834328395,8.113344846443745,16.41915474090543
1676506440,0,1,1,25.2544140625,35061,1012.2751722589976,8.119270469675117,16.424196566146414
1676506441,0,1,1,25.255,35178,1012.2744767139324,8.125065874505038,16.40933691321357
1676506441,0,0,0,25.242109375,35237,1012.2743397242764,8.126207296990664,16.42357764760138
1676506442,0,0,0,25.2383984375,35415,1012.2798880669469,8.079977606591973,16.403540172513566
1676506443,0,0,0,25.2446484375,35535,1012.2804745477565,8.075090965419816,16.408816651627163
1676506444,0,0,0,25.2329296875,35565,1012.275515233853,8.116412743548274,16.38341833919545
1676506445,0,0,0,25.2309765625,35807,1012.27211562888,8.144738877919938,16.383320327898453
1676506446,0,0,0,25.230390625,35929,1012.2693804096303,8.167529284076284,16.368407967752102
1676506447,0,0,0,25.2190625,35960,1012.2633852771706,8.217482128186651,16.36287960743487
1676506448,0,0,0,25.2165234375,36145,1012.2606810797307,8.240014211345784,16.367712716026574
1676506449,0,0,0,25.2165234375,36270,1012.2623963806526,8.225721867995013,16.362752349853736
1676506450,0,0,0,25.20578125,36083,1012.2625665068394,8.224304332440528,16.352294195136412
1676506451,0,0,0,25.2059765625,36427,1012.2543301102049,8.292932348775903,16.35230397765716
1676506451,0,0,0,25.206953125,36396,1012.2508841028409,8.321645603512508,16.342433925112083
1676506452,0,1,1,25.1971875,36585,1012.2544690355003,8.291774779670146,16.346904326622198
1676506453,0,1,1,25.1971875,36713,1012.2544690355003,8.291774779670146,16.346904326622198
1676506454,0,1,1,25.203828125,36906,1012.2643126496826,8.20975502812098,16.33731837347974
1676506455,0,0,0,25.2001171875,36906,1012.2681448221098,8.177824468329717,16.342091731781082
1676506456,0,0,0,25.2059765625,37102,1012.2714828380439,8.150011416139499,16.342385038889656
1676506457,0,0,0,25.2044140625,37167,1012.2687630892577,8.172672930561001,16.33734769650991
1676506458,0,0,0,25.1969921875,37233,1012.2695663072551,8.16598034546705,16.336976284410653
1676506459,0,0,0,25.20109375,37432,1012.2561225934701,8.27799682620443,16.337181534989558
1676506459,0,0,0,25.2059765625,37700,1012.2491842938183,8.33580899457776,16.33246696040999
1676506460,1,1,1,25.199140625,37399,1012.2578687016997,8.263447735301032,16.342042848967342
1676506461,1,1,1,25.2012890625,37700,1012.2547472992674,8.289456199121041,16.34215039180036
1676506462,1,1,1,25.20421875,37836,1012.2529857092754,8.304134325391802,16.347256382758047
1676506463,1,1,1,25.1950390625,37904,1012.2524446501432,8.308642605759903,16.341837546467282
1676506464,1,1,1,25.1966015625,37972,1012.2568796309104,8.271688963549606,16.34687498975068
1676506465,1,1,1,25.199140625,38179,1012.2561534475516,8.277739740684249,16.351961601026765
1676506465,1,1,1,25.188203125,38248,1012.261128540489,8.236285847446174,16.341495394723186
1676506466,1,1,1,25.1891796875,38388,1012.2576827161159,8.264997421302356,16.351462752105007
1676506467,1,1,1,25.1919140625,38458,1012.2641575381532,8.211047455838544,16.36151910097236
1676506468,1,1,2,25.1829296875,38318,1012.269101430613,8.169853797100236,16.356109252030258
1676506469,1,1,2,25.183515625,38635,1012.2684061456894,8.175647062517287,16.36109830117463
1676506470,1,1,2,25.1856640625,38813,1012.263569785661,8.215944756769183,16.346327400336964
1676506471,0,1,1,25.1770703125,38670,1012.2589021689689,8.254836589511623,16.350856376590823
1676506471,0,1,1,25.1794140625,38813,1012.2612666676473,8.235134934923176,16.350973733746454
1676506472,0,1,1,25.1813671875,38993,1012.2629512099069,8.22109888732536,16.356030989474828
1676506473,0,0,1,25.1735546875,38993,1012.2630737437014,8.220077904373698,16.36059925978594
1676506474,0,0,1,25.1751171875,39174,1012.2572176129028,8.268872797613268,16.37059735407516
1676506475,0,0,1,25.177265625,39211,1012.257526948076,8.266295326112157,16.38062578215228
1676506476,0,0,0,25.167890625,39211,1012.2566447588445,8.27364598753163,16.370235133112548
1676506477,0,1,1,25.1708203125,39321,1012.2548837083336,8.288319596401186,16.390223955824943
1676506477,0,1,1,25.1731640625,39505,1012.2572482346887,8.268617647869064,16.385380711944343
1676506478,0,1,2,25.1637890625,39394,1012.2512204044775,8.318843425352881,16.39483209243444
1676506479,0,1,2,25.1673046875,39617,1012.2573399962015,8.267853063950525,16.395008537262594
1676506480,0,1,2,25.1716015625,39692,1012.2493828904999,8.334154218001101,16.405146932407344
1676506481,0,1,2,25.1645703125,39729,1012.252580312632,8.307512221672571,16.414717241795998
1676506482,0,1,2,25.1684765625,39842,1012.2610950352793,8.236565021855355,16.409951645902133
1676506483,0,1,2,25.1735546875,39729,1012.2527826292192,8.305826454130711,16.435018534783183
1676506484,0,1,1,25.1669140625,39956,1012.2549448730715,8.287809952841506,16.454537459513492
1676506484,0,1,1,25.17140625,40108,1012.2610491756552,8.236947136579754,16.46965581594635
1676506485,0,1,1,25.1762890625,40262,1012.2558270771397,8.280459157805009,16.479831210708202
1676506486,0,1,2,25.1692578125,40262,1012.2624549494351,8.225233857671036,16.48940664406887
1676506487,0,1,2,25.17296875,40146,1012.2569082590894,8.271450425065709,16.504490599985697
1676506488,0,1,2,25.17765625,40455,1012.2547765034574,8.289212860725184,16.48983036307172
1676506489,0,1,2,25.17140625,40494,1012.245612558095,8.36556998291223,16.48454990675261
1676506490,0,1,2,25.1755078125,40572,1012.2476064188377,8.34895640667331,16.49468736452587
1676506490,0,1,2,25.18078125,40729,1012.249924851591,8.329638411163984,16.480057740235008
1676506491,0,1,2,25.174140625,40729,1012.2520873645908,8.311619626061615,16.4797228741701
1676506492,0,1,2,25.17765625,40967,1012.2444853260579,8.374962503844394,16.474935371147705
1676506493,0,1,2,25.1825390625,41007,1012.2392629164633,8.41847769362251,16.475181536179292
1676506494,0,1,2,25.1751171875,41007,1012.2400657190832,8.411788411697536,16.464878520255077
1676506495,0,1,2,25.1798046875,41127,1012.2499402007138,8.32951051700187,16.460150538058567
1676506496,0,1,2,25.1844921875,41168,1012.2546690865587,8.290107891767558,16.45542265427671
1676506496,0,1,2,25.1762890625,41208,1012.2523966914625,8.309042213152376,16.435156081367754
1676506497,0,1,2,25.1794140625,41289,1012.2406842554645,8.406634514859187,16.44027636776605
1676506498,0,1,2,25.1841015625,41289,1012.2505587176115,8.324356823219665,16.440512242341757
1676506499,0,1,2,25.1762890625,41289,1012.2506814987751,8.323333768980179,16.45500954362896
1676506500,0,1,2,25.1794140625,41492,1012.252690660808,8.306592764784394,16.465095021936982
1676506501,0,1,2,25.183125,41574,1012.2574349248887,8.267062090263472,16.490106292640487
1676506502,0,1,2,25.1747265625,41411,1012.2582528519674,8.260246884226513,16.504579357674796
1676506503,0,1,2,25.1786328125,41657,1012.2599067690628,8.246465980132287,16.5047766026836
1676506503,0,1,2,25.1825390625,41739,1012.2632758479702,8.218393920072089,16.52483970333671
1676506504,0,1,2,25.1739453125,41739,1012.2688992602908,8.171538323926637,16.524405288310856
1676506505,0,1,2,25.177265625,41989,1012.2661029275954,8.194838000323122,16.529540053640854
1676506506,0,1,2,25.1815625,41947,1012.2598607697371,8.246849259252603,16.519823564840497
1676506507,0,1,2,25.1739453125,41947,1012.2637536984344,8.214412349247088,16.509505931672482
1676506508,0,1,2,25.1786328125,42200,1012.2736283678843,8.132134448586418,16.5047766026836
1676506509,0,1,2,25.1841015625,42327,1012.2728565020423,8.138565779800182,16.49015556739789
1676506509,0,1,2,25.17765625,42455,1012.2787892648288,8.089132987641225,16.49479579053498
1676506510,0,1,2,25.181953125,42370,1012.2776928056326,8.098268855141797,16.485081892552326
1676506511,0,1,2,25.186640625,42627,1012.2789914253492,8.087448555811907,16.470423634507746
1676506512,0,1,1,25.1798046875,42671,1012.2773834456027,8.100846492176629,16.455186586815586
1676506513,0,1,1,25.183125,42845,1012.2763022555396,8.109855144974077,16.45535380010096
1676506514,0,1,1,25.1878125,42714,1012.2776008427456,8.099035104491799,16.455589875559216
1676506515,0,1,1,25.18078125,42888,1012.275652932097,8.11526541805353,16.430419169901224
1676506516,0,1,1,25.18390625,43020,1012.2776621686452,8.098524127370325,16.42561361847916
1676506516,0,1,1,25.18859375,43196,1012.2806759782704,8.073412618379601,16.42088674622437
1676506517,0,1,1,25.1801953125,43020,1012.2849242246525,8.038015701970304,16.410540327972374
1676506518,0,1,1,25.183125,43108,1012.2780174680217,8.095563717098514,16.410687509489023
1676506519,0,1,1,25.1872265625,43285,1012.2782961354451,8.093241816897933,16.405931669214766
1676506520,0,1,1,25.178828125,43196,1012.2808291508097,8.07213636367189,16.390625786673365
1676506521,0,1,1,25.1825390625,43554,1012.2752823211295,8.118353412769991,16.380890272197096
1676506522,0,1,1,25.18703125,43554,1012.2745257123001,8.124657611309246,16.376154981088785
1676506522,0,1,1,25.17921875,43599,1012.2832243154594,8.052179542029906,16.370802950828676
1676506523,0,1,1,25.1825390625,43735,1012.2855735877669,8.032605138456288,16.36104937330566
1676506524,0,1,1,25.18703125,43872,1012.2796713810885,8.081783064435022,16.361274445539557
1676506525,0,1,1,25.17921875,43735,1012.2815091131226,8.066470825849688,16.34600474233147
1676506526,0,1,1,25.181953125,43872,1012.2725471779523,8.141143127350325,16.35110087383227
1676506527,0,1,1,25.18625,43964,1012.2748810281503,8.121697056346768,16.341397641464845
1676506528,0,1,1,25.1786328125,44010,1012.2736283678843,8.132134448586418,16.341016422370135
1676506528,0,1,1,25.1825390625,44056,1012.2769975319839,8.104061986799096,16.346170957441906
1676506529,0,1,1,25.18703125,44148,1012.2728104895723,8.138949164469532,16.346395845672085
1676506530,0,1,1,25.178828125,44148,1012.2722531460629,8.143593057943425,16.326150513910303
1676506531,0,1,1,25.181953125,44381,1012.2691167600025,8.169726069328206,16.33622377242898
1676506532,0,1,1,25.1860546875,44428,1012.2693953914595,8.167404452273269,16.34138786624615
1676506533,0,0,0,25.177265625,44241,1012.2643877314898,8.209129427947682,16.340948001566332
1676506534,0,0,0,25.1794140625,44475,1012.2612666676473,8.235134934923176,16.336096736343997
1676506535,0,0,0,25.183515625,44569,1012.2649757198652,8.204230164782446,16.336301950117143
1676506535,0,1,1,25.17609375,44569,1012.2709238387241,8.154669111096993,16.335930617198937
1676506536,0,2,2,25.1794140625,44569,1012.2715578791795,8.149386158441956,16.326179813462065
1676506537,0,2,2,25.18390625,44759,1012.2673708828489,8.184273103949796,16.331362864418097
1676506538,0,2,2,25.1770703125,44711,1012.2657629506158,8.19767076895615,16.321104509482396
1676506539,0,2,2,25.180390625,44950,1012.2698273599112,8.163805199524107,16.316312557196348
1676506540,0,2,2,25.183515625,44854,1012.2666909327268,8.189938604269262,16.316468740647327
1676506541,0,2,2,25.175703125,44998,1012.2702438809434,8.160334659121709,16.30616319043449
1676506541,0,2,2,25.1778515625,45046,1012.2688380566076,8.172048286298931,16.30627050221588
1676506542,0,1,1,25.180390625,45240,1012.2698273599112,8.163805199524107,16.311354835191334
1676506543,0,1,1,25.1716015625,45143,1012.2768257837092,8.105493021492304,16.305958329021216
1676506544,0,1,1,25.1735546875,45436,1012.2733648618107,8.134330030251574,16.306055881005754
1676506545,0,1,1,25.175703125,45387,1012.2702438809434,8.160334659121709,16.30616319043449
1676506546,0,1,1,25.1669140625,45387,1012.268666218736,8.17348007687402,16.295810211589377
1676506547,0,1,1,25.16984375,45583,1012.2703355908544,8.159570513109113,16.305870533897576
1676506547,0,1,1,25.172578125,45485,1012.271664959401,8.148493944750658,16.29609294949835
1676506548,0,1,1,25.164765625,45534,1012.2735022402813,8.13318536719996,16.295702970450993
1676506549,0,1,1,25.1676953125,45732,1012.2751716574319,8.119275482028748,16.295849208949974
1676506550,0,1,1,25.172578125,45832,1012.281956064862,8.062746765270715,16.29113619448027
1676506551,0,0,0,25.1657421875,45832,1012.2854931560952,8.033275303670077,16.280882376327877
1676506552,0,0,0,25.169453125,45982,1012.2885225652988,8.00803397494378,16.29098024179919
1676506553,0,0,0,25.174140625,46032,1012.2812455576671,8.068666805132416,16.296170949039023
1676506553,0,1,1,25.1661328125,45982,1012.2758821269395,8.113355727424064,16.290814547525137
1676506554,0,2,2,25.1704296875,46083,1012.2730707119849,8.136780941915218,16.295985702160703
1676506555,0,2,2,25.1755078125,46234,1012.2750494775943,8.120293505867027,16.29128240463577
1676506556,0,1,1,25.1684765625,46133,1012.2731012441748,8.136526541940244,16.281018754814347
1676506557,0,0,0,25.1719921875,46336,1012.2775057484947,8.099827444927122,16.29110695297372
1676506558,0,0,0,25.1778515625,46285,1012.280844444265,8.072008936502485,16.28644276395982
1676506559,0,0,0,25.1704296875,46285,1012.2816466046231,8.065325228473066,16.28111617034909
1676506560,0,0,0,25.1735546875,46541,1012.2802256092323,8.077165156182431,16.276315916126407
1676506560,0,0,0,25.17765625,46439,1012.2805044628253,8.074841708890709,16.281476624711058
1676506561,0,0,0,25.169453125,46593,1012.2816618598221,8.065198120145805,16.271155543195867
1676506562,0,0,0,25.172578125,46696,1012.2768105116781,8.105620270558171,16.261400181023248
1676506563,0,1,1,25.17609375,46852,1012.2794998065017,8.083212648874857,16.266530858248416
1676506564,0,1,1,25.167890625,46748,1012.2720812975838,8.145024932993177,16.26612203844263
1676506565,0,1,1,25.171015625,46904,1012.2740906568771,8.128282571744712,16.27123343357409
1676506566,0,1,1,25.17453125,46957,1012.2716343866867,8.1487486826735,16.261497493953172
1676506566,0,1,1,25.1661328125,46800,1012.2724517932515,8.14193789106764,16.266034438651236
1676506567,0,1,1,25.1688671875,47035,1012.2772115572437,8.102278693633053,16.266170705672476
1676506568,0,1,1,25.1723828125,47088,1012.2799008972918,8.07987070231649,16.261390449836934
1676506569,0,1,1,25.163203125,47140,1012.2827884863264,8.055810923888272,16.270843994103576
1676506570,0,1,1,25.1653515625,47167,1012.2762373562919,8.110395896387399,16.261040140047715
1676506571,0,1,1,25.1684765625,47353,1012.2782467637841,8.093653189198358,16.271106862340208
1676506572,0,1,1,25.160078125,47246,1012.2773486970833,8.101136022414654,16.26573271806576
1676506573,0,1,1,25.1637890625,47353,1012.2820932868576,8.061603413855085,16.270873200986752
1676506573,0,1,1,25.1669140625,47540,1012.289248249323,8.001987514964444,16.27598479134259
1676506574,0,1,1,25.1579296875,47353,1012.285614864423,8.032261217003692,16.280492744480835
1676506575,0,1,1,25.16046875,47513,1012.2866044310238,8.024016047025803,16.280619371423228
1676506576,0,1,1,25.16515625,47621,1012.2879035247797,8.013191875085813,16.285809376382602
1676506577,0,1,1,25.1567578125,47621,1012.285290068304,8.03496745285831,16.280434302383508
1676506578,0,1,1,25.1591015625,47729,1012.2893699532182,8.000973468276367,16.285507328131843
1676506579,0,1,1,25.1630078125,47783,1012.2841636582193,8.044352827098164,16.28074600164731
1676506579,0,1,1,25.1544140625,47729,1012.2812101891378,8.06896150048127,16.27536155850999
1676506580,0,1,1,25.1583203125,47783,1012.2828645511294,8.05517714251318,16.280512225335297
1676506581,0,1,1,25.1614453125,48002,1012.2797286036199,8.081306278014987,16.28562424782109
1676506582,0,1,1,25.15265625,47920,1012.281580545781,8.065875639468603,16.28022976054804
1676506583,0,1,1,25.1563671875,48002,1012.2794646645073,8.0835054571127,16.2903272439678
1676506584,0,1,1,25.1606640625,48194,1012.276653504379,8.106928481222699,16.30045505132884
1676506585,0,1,1,25.15109375,48057,1012.2720001169962,8.14570134554729,16.2900641202433
1676506585,0,1,1,25.15421875,48277,1012.2791550641549,8.086085092900541,16.29022004370359
1676506586,0,1,1,25.1583203125,48333,1012.2862948442366,8.026595555048425,16.2904247007935
1676506587,0,1,1,25.149921875,48333,1012.2871114274416,8.019791703623758,16.290005650228036
1676506588,0,1,1,25.152265625,48333,1012.2894762169794,8.000088070111504,16.29012259095803
1676506589,0,1,1,25.1563671875,48444,1012.2914706541699,7.983470273766676,16.300240526423384
1676506590,0,1,1,25.146796875,48389,1012.2833866583456,8.050826881485843,16.284893545652288
1676506591,0,1,1,25.15109375,48500,1012.2822908776924,8.059957061682002,16.2900641202433
1676506592,0,1,1,25.15578125,48669,1012.2887355375136,8.00625947227592,16.305168229607776
1676506592,0,1,1,25.146796875,48556,1012.2885320057591,8.0079553162168,16.29480613664542
1676506593,0,1,1,25.1501171875,48697,1012.2840211712252,8.045540045201202,16.29497184354603
1676506594,0,1,1,25.15421875,48782,1012.2722945239149,8.143248289642669,16.305090202020086
1676506595,0,1,2,25.1454296875,48782,1012.2638555946868,8.21356332411797,16.304651320027872
1676506596,0,1,2,25.149140625,48838,1012.2720304820307,8.145448338129555,16.304836620954887
1676506597,0,1,2,25.15421875,48981,1012.2740096588236,8.12895746230794,16.305090202020086
1676506598,0,2,2,25.1454296875,48838,1012.2707160388856,8.156400541746605,16.29969450548429
1676506598,0,2,2,25.1489453125,49009,1012.2682602522104,8.176862679167186,16.30482686809951
1676506599,0,2,2,25.1536328125,49038,1012.2644140311613,8.208910292595949,16.314975440287455
1676506600,0,2,2,25.14484375,48924,1012.2594054146904,8.250643404360595,16.29966525608301
1676506601,0,2,2,25.1485546875,49066,1012.2727256360502,8.139656180229274,16.304807362447086
1676506602,0,2,2,25.15265625,49268,1012.2764351525636,8.10874782476809,16.314926647306805
1676506603,0,1,2,25.14328125,49124,1012.277266790511,8.101818481142848,16.314458259440556
1676506604,0,1,2,25.146796875,49412,1012.2799564272407,8.079408018824278,16.31463389963724
1676506604,0,1,2,25.151484375,49500,1012.2881162451006,8.0114194703465,16.319825638814287
1676506605,0,1,2,25.141328125,49354,1012.2893027777712,8.001533179516896,16.309403495549933
1676506606,0,1,2,25.1438671875,49587,1012.3022982826758,7.8932541448078215,16.3144875323689
1676506607,0,1,2,25.1469921875,49587,1012.2957324672216,7.947960624974892,16.319601138734196
1676506608,0,1,2,25.136640625,49442,1012.2880032207156,8.012361199591776,16.324041406578367
1676506609,0,1,2,25.138984375,49675,1012.2835077244582,8.049818144121868,16.309286439912388
1676506610,0,1,2,25.14171875,49705,1012.2745468534032,8.124481459849259,16.319337608298415
1676506610,0,1,1,25.1317578125,49705,1012.2726429834094,8.140344857865601,16.308925535996227
1676506611,0,1,1,25.135078125,49822,1012.2732776496306,8.135056698477603,16.309091353407652
1676506612,0,1,1,25.13859375,49941,1012.27596735913,8.11264555831926,16.31422408231773
1676506613,0,1,1,25.129609375,49822,1012.2723331805894,8.142926194727268,16.303861431674598
1676506614,0,1,1,25.131953125,50000,1012.2661226777451,8.194673437429493,16.30893528980599
1676506615,0,1,1,25.1360546875,50060,1012.2698323607063,8.163763531845449,16.30418322263918
1676506616,0,1,1,25.12765625,49822,1012.27236335527,8.142674773438953,16.298807351487277
1676506617,0,1,1,25.13234375,50149,1012.278808197759,8.088975235613256,16.30895479748387
1676506617,0,1,1,25.1344921875,50239,1012.2808330798371,8.072103626477013,16.3041052107637
1676506618,0,1,2,25.1255078125,50179,1012.2789137487525,8.08809576885525,16.2987001239987
1676506619,0,1,2,25.128046875,50269,1012.2781885427609,8.094138295772243,16.30378342493308
1676506620,0,1,2,25.131171875,50299,1012.2887737357389,8.005941201433616,16.303939439660727
